{
    "id": "TheWitcherTRPG",
    "title": "TheWitcherTRPG - fvtt",
    "description": "The Witcher TRPG System.",
    "compatibility" : {
      "minimum" : "10",
      "verified" : "10.284"
    },
    "version": 0.94,
    "authors": {
      "name": "TechAntho"
    },
    "scripts": [
    ],
    "esmodules": [
      "scripts/TheWitcherTRPG.js"
    ],
    "styles": [
      "styles/witcher-styles.css"
    ],
    "packs": [
      {
        "name": "Character-gen",
        "label": "Character Generator",
        "path": "packs/character-generator.db",
        "type": "RollTable"
      },
      {
        "name": "Character-gen Sub-tables",
        "label": "Character Generator Sub-tables",
        "path": "packs/character-generator-sub-tables.db",
        "type": "RollTable"
      },
      {
        "name": "Witcher Lifepath and BG Sub-tables",
        "label": "Witcher Lifepath and BG Sub-tables",
        "path": "packs/witcher-lifepath.db",
        "type": "RollTable"
      },
      {
        "name": "Combat",
        "label": "Combat",
        "path": "packs/witcher-ttrpg-combat.db",
        "type": "RollTable"
      },
      {
        "name": "Life Event Sub-tables",
        "label": "Life Event Sub-tables",
        "path": "packs/lifepath.db",
        "type": "RollTable"
      },
      {
        "name": "Style and Values Sub-tables",
        "label": "Style and Values Sub-tables",
        "path": "packs/style.db",
        "type": "RollTable"
      },
      {
        "name": "Component",
        "label": "Component",
        "path": "packs/component.db",
        "type": "Item"
      },
      {
        "name": "Valuable",
        "label": "Valuable",
        "path": "packs/valuable.db",
        "type": "Item"
      }
    ],
    "languages": [
      {
        "lang": "en",
        "name": "English",
        "path": "lang/en.json"
      },
	    {
        "lang": "es",
        "name": "Español",
        "path": "lang/es.json"
      },
      {
        "lang": "pt-BR",
        "name": "Brazilian Portuguese",
        "path": "lang/ptbr.json"
      },
      {
        "lang": "fr",
        "name": "Français",
        "path": "lang/fr.json"
      },
      {
        "lang": "de",
        "name": "German",
        "path": "lang/de.json"
      },
      {
        "lang": "it",
        "name": "Italian",
        "path": "lang/it.json"
      },
      {
        "lang": "ru",
        "name": "Russian",
        "path": "lang/ru.json"
      },
      {
        "lang": "pl",
        "name": "Polish",
        "path": "lang/pl.json"
      }
    ],
    "relationships": {
      "requires": [
        {
          "id": "compendium-folders",
          "type": "module",
          "manifest": "https://raw.githubusercontent.com/earlSt1/vtt-compendium-folders/master/module.json"
        }
      ]
    },
    "socket": false,
    "initiative": "1d10",
    "gridDistance": 2,
    "gridUnits": "m",
    "primaryTokenAttribute": "resources.health",
    "secondaryTokenAttribute": "resources.power",
    "url": "https://github.com/AnthonyMonette/TheWitcherTRPG",
    "manifest": "https://github.com/AnthonyMonette/TheWitcherTRPG/releases/latest/download/system.json",
    "download": "https://github.com/AnthonyMonette/TheWitcherTRPG/releases/latest/download/system.zip"
  }
